{
    "clusters_type" : "lines", 
    "clusters": [
        {
            "lat1": 41.1914687,
            "lon1": 1.5477103, 
            "lat2": 41.59736898,
            "lon2": 2.60926426, 
            "id": 0,
            "label": "gold coast"
        }, 
        {
            "lat1": 42.4418469,
            "lon1": 3.15175417, 
            "lat2": 42.4343801,
            "lon2": 1.77862484, 
            "id": 1,
            "label": "pyrenees"
        }
    ]
}