{
    "clusters_type" : "polygons", 
    "clusters": [
        {
            "x1": 41.149848,
            "y1": 0.952818, 
            "x2": 41.650861,
            "y2": 2.263848, 
            "x3": 41.447460, 
            "y3": 2.563071,
            "x4": 40.778142, 
            "y4": 0.874152,
            "id": 0,
            "label": "gold coast"
        }, 
        {
            "x1": 43.539131,
            "y1": -1.747561, 
            "x2": 42.618631,
            "y2": 3.334727, 
            "x3": 41.572663, 
            "y3": 3.106276,
            "x4": 42.796149,
            "y4": -2.210400,
            "id": 1,
            "label": "pyrenees"
        }
    ]
}