{
    "f1": 97.29729729729729, 
    "window_size": 10, 
    "truePositives": 270, 
    "n_clusters": 2, 
    "trueNegatives": 275, 
    "precision": 96.42857142857143, 
    "round": 1, 
    "recall": 98.18181818181819, 
    "falseNegatives": 5, 
    "n_traces": 1, 
    "falsePositives": 10, 
    "model": "ConvNetQuake", 
    "dataset": "data_prep_oklahoma", 
    "locationAccuracy": 100.0, 
    "accuracy": 97.32142857142857
}