{
    "f1": 53.53383458646616, 
    "window_size": 10, 
    "truePositives": 356, 
    "n_clusters": 2, 
    "trueNegatives": 20555, 
    "precision": 69.39571150097466, 
    "round": 1, 
    "recall": 43.57405140758874, 
    "falseNegatives": 461, 
    "n_traces": 3, 
    "falsePositives": 157, 
    "model": "ConvNetQuake", 
    "dataset": "data_prep_datos5", 
    "locationAccuracy": 100.0, 
    "accuracy": 97.12945329555484
}