{
    "f1": 77.88824134384642, 
    "window_size": 50, 
    "truePositives": 2272, 
    "n_clusters": 2, 
    "trueNegatives": 15931, 
    "precision": 89.48404883812525, 
    "round": 1, 
    "recall": 68.95295902883156, 
    "falseNegatives": 1023, 
    "n_traces": 3, 
    "falsePositives": 267, 
    "model": "ConvNetQuake", 
    "dataset": "data_prep_datos5", 
    "locationAccuracy": 100.0, 
    "accuracy": 93.38223977838199
}