{
    "f1": 91.36431147888818, 
    "window_size": 20, 
    "truePositives": 2153, 
    "n_clusters": 2, 
    "trueNegatives": 2352, 
    "precision": 87.6628664495114, 
    "round": 1, 
    "recall": 95.39211342490032, 
    "falseNegatives": 104, 
    "n_traces": 3, 
    "falsePositives": 303, 
    "model": "ConvNetQuake", 
    "dataset": "data_prep_datos5", 
    "locationAccuracy": 100.0, 
    "accuracy": 91.7141693811075
}