{
    "f1": 51.42857142857144, 
    "window_size": 20, 
    "truePositives": 36, 
    "n_clusters": 2, 
    "trueNegatives": 2683, 
    "precision": 42.857142857142854, 
    "round": 1, 
    "recall": 64.28571428571429, 
    "falseNegatives": 20, 
    "n_traces": 1, 
    "falsePositives": 48, 
    "model": "ConvNetQuake2", 
    "dataset": "data_prep_datos1_datos2_datos3", 
    "locationAccuracy": 100.0, 
    "accuracy": 97.56010046645139
}