{
    "f1": 53.33333333333333, 
    "window_size": 40, 
    "truePositives": 8, 
    "n_clusters": 2, 
    "trueNegatives": 142, 
    "precision": 47.05882352941177, 
    "round": 1, 
    "recall": 61.53846153846154, 
    "falseNegatives": 5, 
    "n_traces": 1, 
    "falsePositives": 9, 
    "model": "ConvNetQuake2", 
    "dataset": "data_prep_datos2", 
    "locationAccuracy": 100.0, 
    "accuracy": 91.46341463414635
}