{
    "f1": 51.32743362831859, 
    "window_size": 30, 
    "truePositives": 29, 
    "n_clusters": 2, 
    "trueNegatives": 734, 
    "precision": 46.774193548387096, 
    "round": 1, 
    "recall": 56.86274509803921, 
    "falseNegatives": 22, 
    "n_traces": 1, 
    "falsePositives": 33, 
    "model": "ConvNetQuake2", 
    "dataset": "data_prep_datos3", 
    "locationAccuracy": 100.0, 
    "accuracy": 93.27628361858191
}