{
    "f1": 33.333333333333336, 
    "window_size": 20, 
    "truePositives": 3, 
    "n_clusters": 2, 
    "trueNegatives": 158, 
    "precision": 33.333333333333336, 
    "round": 1, 
    "recall": 33.333333333333336, 
    "falseNegatives": 6, 
    "n_traces": 1, 
    "falsePositives": 6, 
    "model": "ConvNetQuake", 
    "dataset": "data_prep_datos2", 
    "locationAccuracy": 100.0, 
    "accuracy": 93.0635838150289
}