{
    "f1": 83.9160839160839, 
    "window_size": 40, 
    "truePositives": 60, 
    "n_clusters": 2, 
    "trueNegatives": 1692, 
    "precision": 82.1917808219178, 
    "round": 1, 
    "recall": 85.71428571428571, 
    "falseNegatives": 10, 
    "n_traces": 3, 
    "falsePositives": 13, 
    "model": "ConvNetQuake", 
    "dataset": "data_prep_datos1", 
    "locationAccuracy": 100.0, 
    "accuracy": 98.70422535211267
}