{
    "f1": 53.03030303030303, 
    "window_size": 30, 
    "truePositives": 70, 
    "n_clusters": 2, 
    "trueNegatives": 2552, 
    "precision": 55.55555555555556, 
    "round": 1, 
    "recall": 50.72463768115942, 
    "falseNegatives": 68, 
    "n_traces": 1, 
    "falsePositives": 56, 
    "model": "ConvNetQuake", 
    "dataset": "data_prep_datos1_datos2_datos3", 
    "locationAccuracy": 100.0, 
    "accuracy": 95.4843408594319
}