{
    "f1": 46.15384615384615, 
    "window_size": 40, 
    "truePositives": 9, 
    "n_clusters": 2, 
    "trueNegatives": 134, 
    "precision": 52.94117647058823, 
    "round": 1, 
    "recall": 40.90909090909091, 
    "falseNegatives": 13, 
    "n_traces": 1, 
    "falsePositives": 8, 
    "model": "ConvNetQuake", 
    "dataset": "data_prep_datos2", 
    "locationAccuracy": 100.0, 
    "accuracy": 87.1951219512195
}