{
    "f1": 78.48101265822785, 
    "window_size": 20, 
    "truePositives": 31, 
    "n_clusters": 2, 
    "trueNegatives": 1764, 
    "precision": 83.78378378378379, 
    "round": 1, 
    "recall": 73.80952380952381, 
    "falseNegatives": 11, 
    "n_traces": 1, 
    "falsePositives": 6, 
    "model": "ConvNetQuake", 
    "dataset": "data_prep_datos1", 
    "locationAccuracy": 100.0, 
    "accuracy": 99.06181015452539
}