{
    "f1": 52.747252747252745, 
    "window_size": 10, 
    "truePositives": 24, 
    "n_clusters": 2, 
    "trueNegatives": 2762, 
    "precision": 57.142857142857146, 
    "round": 1, 
    "recall": 48.97959183673469, 
    "falseNegatives": 25, 
    "n_traces": 1, 
    "falsePositives": 18, 
    "model": "ConvNetQuake2", 
    "dataset": "data_prep_datos1_datos2_datos3", 
    "locationAccuracy": 100.0, 
    "accuracy": 98.48002827854366
}