{
    "f1": 83.63636363636364, 
    "window_size": 30, 
    "truePositives": 46, 
    "n_clusters": 2, 
    "trueNegatives": 1730, 
    "precision": 83.63636363636364, 
    "round": 1, 
    "recall": 83.63636363636364, 
    "falseNegatives": 9, 
    "n_traces": 3, 
    "falsePositives": 9, 
    "model": "ConvNetQuake2", 
    "dataset": "data_prep_datos1", 
    "locationAccuracy": 100.0, 
    "accuracy": 98.99665551839465
}