{
    "f1": 77.58620689655173, 
    "window_size": 30, 
    "truePositives": 45, 
    "n_clusters": 2, 
    "trueNegatives": 1723, 
    "precision": 81.81818181818181, 
    "round": 1, 
    "recall": 73.77049180327869, 
    "falseNegatives": 16, 
    "n_traces": 3, 
    "falsePositives": 10, 
    "model": "ConvNetQuake", 
    "dataset": "data_prep_datos1", 
    "locationAccuracy": 100.0, 
    "accuracy": 98.55072463768116
}