{
    "f1": 88.27586206896552, 
    "window_size": 40, 
    "truePositives": 64, 
    "n_clusters": 2, 
    "trueNegatives": 1694, 
    "precision": 87.67123287671232, 
    "round": 1, 
    "recall": 88.88888888888889, 
    "falseNegatives": 8, 
    "n_traces": 1, 
    "falsePositives": 9, 
    "model": "ConvNetQuake", 
    "dataset": "data_prep_datos1", 
    "locationAccuracy": 100.0, 
    "accuracy": 99.04225352112677
}