{
    "f1": 90.60773480662984, 
    "window_size": 50, 
    "truePositives": 82, 
    "n_clusters": 2, 
    "trueNegatives": 1658, 
    "precision": 90.10989010989012, 
    "round": 1, 
    "recall": 91.11111111111111, 
    "falseNegatives": 8, 
    "n_traces": 1, 
    "falsePositives": 9, 
    "model": "ConvNetQuake", 
    "dataset": "data_prep_datos1", 
    "locationAccuracy": 100.0, 
    "accuracy": 99.03244166192373
}