{
    "clusters_type" : "lines", 
    "clusters": [
        {
            "lat1": 10.516471,
            "lon1": -68.345412, 
            "lat2": 10.610272,
            "lon2": -62.212668, 
            "id": 0,
            "label": "san-sebastian"
        }, 
        {
            "lat1": 8.395866,
            "lon1": -70.693810, 
            "lat2": 10.437752,
            "lon2": -68.547924, 
            "id": 1,
            "label": "bocono"
        }
    ]
}