{
    "clusters_type" : "lines", 
    "clusters": [
        {
            "lat1": 10.555322,
            "lon1": -68.060303, 
            "lat2": 10.395975,
            "lon2": -68.639832, 
            "id": 0,
            "label": "falla1"
        }, 
        {
            "lat1": 10.347344,
            "lon1": -68.082275, 
            "lat2": 10.222763,
            "lon2": -68.337708,
            "id": 1,
            "label": "fall2"
        },
        {
            "lat1": 10.144635,
            "lon1": -67.854309, 
            "lat2": 10.009425,
            "lon2": -68.148193,
            "id": 2,
            "label": "fall3"
        }
    ]
}
