{
    "clusters_type" : "polygons", 
    "clusters": [
        {
            "x1": 10.388027, 
            "y1": -68.990744,
            "x2": 10.809947, 
            "y2": -68.001316,
            "x3": 10.531572, 
            "y3": -67.867935,
            "x4": 10.018319, 
            "y4": -68.623602,
            "id": 0,
            "label": "falla1"
        }, 
        {
            "x1": 9.988605, 
            "y1": -68.593384,
            "x2": 10.443314, 
            "y2": -67.948487, 
            "x3": 10.310824, 
            "y3": -67.846934,
            "x4": 9.955400, 
            "y4": -68.504487,
            "id": 1,
            "label": "falla2"
        }, 
        {
            "x1": 9.928372, 
            "y1": -68.471533, 
            "x2": 10.276858, 
            "y2": -67.825648, 
            "x3": 10.130633, 
            "y3": -67.737876,
            "x4": 9.707985, 
            "y4": -68.308221,
            "id": 1,
            "label": "falla3"
        }
    ]
}